href,desc,img href
https://www.economist.com//united-states/2019/01/05/the-era-of-divided-government-in-washington-begins-inauspiciously,"The era of divided government in Washington begins, inauspiciously",https://www.economist.com/sites/default/files/images/print-edition/20190105_USP007_0.jpg
https://www.economist.com//science-and-technology/2019/01/02/the-latest-picture-from-the-most-distant-space-rock-yet-visited,The latest picture from the most distant space rock yet visited,https://www.economist.com/sites/default/files/images/2019/01/articles/main/20190105_stp506.jpg
https://www.economist.com//finance-and-economics/2019/01/03/a-profit-warning-from-apple-jolts-markets,A profit warning from Apple jolts markets,https://www.economist.com/sites/default/files/images/2019/01/articles/main/20190105_blp503.jpg
https://www.economist.com//the-economist-explains/2019/01/03/what-are-hypersonic-weapons,What are hypersonic weapons?,https://www.economist.com/sites/default/files/20190105_BLP502.jpg
https://www.economist.com//democracy-in-america/2019/01/03/donald-likes-nancy,Donald likes Nancy,https://www.economist.com/sites/default/files/20190105_blp904.jpg
https://www.economist.com//britain/2019/01/05/an-uptick-in-migrants-crossing-the-channel-by-boat,An uptick in migrants crossing the Channel by boat,https://www.economist.com/sites/default/files/images/print-edition/20190105_BRP001_0.jpg
https://www.economist.com//finance-and-economics/2019/01/05/returns-on-stocks-in-2018-were-down-across-the-board,Returns on stocks in 2018 were down across the board,https://www.economist.com/sites/default/files/images/2019/01/articles/main/20190105_fnp503.jpg
https://www.economist.com//prospero/2019/01/03/in-mestre-an-engaging-new-museo-del-novecento,"In Mestre, an engaging new Museo del Novecento",https://www.economist.com/sites/default/files/20190105_BKP507.jpg
https://www.economist.com//the-economist-explains/2018/10/31/why-the-far-side-of-the-moon-is-so-unknown,Why the far side of the Moon is so unknown,https://www.economist.com/sites/default/files/20181103_STP501.jpg
https://www.economist.com//graphic-detail/2019/01/02/the-fastest-growers-and-biggest-shrinkers-of-2019,The fastest growers and biggest shrinkers of 2019,https://www.economist.com/sites/default/files/images/2019/01/articles/main/20190105_woc222.png
https://www.economist.com//the-americas/2019/01/03/what-to-make-of-brazils-new-firebrand-president-jair-bolsonaro,"What to make of Brazil’s new firebrand president, Jair Bolsonaro",https://www.economist.com/sites/default/files/images/2019/01/articles/main/20190105_amp003.jpg
https://www.economist.com//democracy-in-america/2019/01/02/how-equal-rights-can-boost-economic-growth,How equal rights can boost economic growth,https://www.economist.com/sites/default/files/20190105_USP501.jpg
https://www.economist.com//prospero/2019/01/02/kader-khan-a-hero-of-indian-cinema,"Kader Khan, a hero of Indian cinema",https://www.economist.com/sites/default/files/20190105_BKP502.jpg
https://www.economist.com//graphic-detail/2018/12/31/a-picture-of-probabilities,A picture of probabilities,https://www.economist.com/sites/default/files/images/2018/12/articles/main/20190105_woc981.png
https://www.economist.com//special-report/2019/01/05/why-childrens-lives-have-changed-radically-in-just-a-few-decades,Why children’s lives have changed radically in just a few decades,https://www.economist.com/sites/default/files/images/print-edition/20190105_SRP004_0.jpg
https://www.economist.com//prospero/2019/01/01/a-portrait-of-ruth-bader-ginsburg-as-a-young-woman,A portrait of Ruth Bader Ginsburg as a young woman,
https://www.economist.com//asia/2018/12/31/bangladeshs-prime-minister-wins-a-fourth-term-in-ruthless-fashion,"Bangladesh’s prime minister wins a fourth term, in ruthless fashion",
https://www.economist.com//middle-east-and-africa/2018/12/31/congo-has-a-shambolic-unfair-election-two-years-late,"Congo has a shambolic, unfair election, two years late",
https://www.economist.com//the-economist-explains/2019/01/02/will-wearable-devices-make-us-healthier,Will wearable devices make us healthier?,
https://www.economist.com//democracy-in-america/2018/12/30/the-supreme-courts-term-is-likely-to-heat-up-in-2019,The Supreme Court’s term is likely to heat up in 2019,
https://www.economist.com//graphic-detail/2019/01/01/gongs-galore-how-the-british-honours-system-rewards-politicians,Gongs galore: how the British honours system rewards politicians,
https://www.economist.com//middle-east-and-africa/2018/12/29/binyamin-netanyahus-battle-for-survival,Binyamin Netanyahu’s battle for survival,
https://www.economist.com//prospero/2018/12/30/amos-oz-a-torn-israeli,"Amos Oz, a torn Israeli",
https://www.economist.com//the-world-in/2018/12/30/the-struggle-for-indias-soul,The struggle for India’s soul,
https://www.economist.com//the-economist-explains/2018/12/30/the-economists-most-popular-explainers-of-2018,The Economist’s most popular explainers of 2018,
